[
    {
        "name": "paperSource",
        "type": "string",
        "capabilitytype":"array",
        "current": "",
        "values": [
            "internal_roll",
            "rear_feed_fanfold",
            "rear_feed_roll"
        ]
    },
    {
        "name": "paperForm",
        "type": "string",
        "capabilitytype":"array",
        "current": "",
        "values": [
            "diecut_label_gap_detection",
            "diecut_label_blackmark_detection",
            "continuous_label_blackmark_detection",
            "continuous_label_no_detection",
            "continuous_paper_blackmark_detection",
            "continuous_paper_no_detection",
            "tag_hole_detection"
        ]
    },
    {
        "name":"formGap",
        "type": "num",
        "capabilitytype":"range",
        "current": 0.0,
        "max":6.0,
        "min":3.0,
        "step":0.1 
    },
    {
        "name":"cutPosition",
        "type": "num",
        "capabilitytype":"range",
        "current": 0.0,
        "max":1.5,
        "min":-20.0,
        "step":0.1 
    },
    {
        "name":"printPositionH",
        "type": "num",
        "capabilitytype":"range",
        "current": 0.0,
        "max":1.0,
        "min":-1.0,
        "step":0.1 
    },
    {
        "name":"printPositionV",
        "type": "num",
        "capabilitytype":"range",
        "current": 0.0,
        "max":2.0,
        "min":-2.0,
        "step":0.1 
    },
    {
        "name":"sideMargin",
        "type": "num",
        "capabilitytype":"range",
        "current": 2.0,
        "max": {
            "diecut_label_gap_detection": 6.0,
            "diecut_label_blackmark_detection": 6.0,
            "continuous_label_blackmark_detection": 6.0,
            "continuous_label_no_detection": 6.0,
            "continuous_paper_blackmark_detection": 6.0,
            "continuous_paper_no_detection": 6.0,
            "tag_hole_detection": 30.0
        },
        "min":0.0,
        "step":0.1 
    },
    {
        "name":"rightMargin",
        "type": "num",
        "capabilitytype":"range",
        "current": 2.0,
        "max": {
            "diecut_label_gap_detection": 2.0,
            "diecut_label_blackmark_detection": 2.0,
            "continuous_label_blackmark_detection": 2.0,
            "continuous_label_no_detection": 2.0,
            "continuous_paper_blackmark_detection": 2.0,
            "continuous_paper_no_detection": 2.0,
            "tag_hole_detection": 30.0
        },
        "min": {
            "diecut_label_gap_detection": 2.0,
            "diecut_label_blackmark_detection": 2.0,
            "continuous_label_blackmark_detection": 2.0,
            "continuous_label_no_detection": 2.0,
            "continuous_paper_blackmark_detection": 2.0,
            "continuous_paper_no_detection": 2.0,
            "tag_hole_detection": 0.0
        },
        "step":0.1
    },
    {
        "name":"edgeHole",
        "type": "num",
        "capabilitytype":"range",
        "current": 28.4,
        "max":306.0,
        "min":0.0,
        "step":0.1 
    },
    {
        "name":"peelPositionB",
        "type": "num",
        "capabilitytype":"range",
        "current": 0.0,
        "max":50.0,
        "min":0.0,
        "step":0.1
    },
    {
        "name": "incomplete_labelTreatment",
        "type": "string",
        "capabilitytype":"array",
        "current": "Y",
        "values": [
            "Y",
            "N"
        ]
    },
    {
        "name": "head_mediaClearanceHeight",
        "type": "string",
        "capabilitytype":"array",
        "current": "2",
        "values": [
            "1",
            "2",
            "3",
            "4"
        ]
    }
]