[
    {
        "name": "paperSource",
        "type": "string",
        "capabilitytype":"array",
        "current": "",
        "values": [
            "roll",
            "fanfold"
        ]
    },
    {
        "name": "paperForm",
        "type": "string",
        "capabilitytype":"array",
        "current": "",
        "values": [
            "no_detection",
            "blackmark_detection",
            "gap_detection"
        ]
    },
    {
        "name":"formGap",
        "type": "num",
        "capabilitytype":"range",
        "current": "0",
        "max":6.0,
        "min": {
            "no_detection": 0.0,
            "blackmark_detection": 2.0,
            "gap_detection": 2.0
        },
        "step":0.1 
    },
    {
        "name":"cutPosition",
        "type": "num",
        "capabilitytype":"range",
        "current": "0",
        "max":10.8,
        "min":-10.8,
        "step":0.1 
    },
    {
        "name":"printPositionH",
        "type": "num",
        "capabilitytype":"range",
        "current": "0",
        "max":1.5,
        "min":-1.5,
        "step":0.1 
    },
    {
        "name":"printPositionV",
        "type": "num",
        "capabilitytype":"range",
        "current": "0",
        "max":10.9,
        "min":-10.9,
        "step":0.1 
    },
    {
        "name":"sideMargin",
        "type": "num",
        "capabilitytype":"range",
        "current": "0",
        "max":6.0,
        "min":0,
        "step":0.1 
    }
]