[
    {
        "name": "paperSource",
        "type": "string",
        "capabilitytype":"array",
        "current": "",
        "values": [
            "internal_roll",
            "rear_feed_fanfold",
            "rear_feed_roll"
        ]
    },
    {
        "name": "paperForm",
        "type": "string",
        "capabilitytype":"array",
        "current": "",
        "values": [
            "diecut_label_gap_detection",
            "diecut_label_blackmark_detection",
            "continuous_label_blackmark_detection",
            "continuous_label_no_detection",
            "continuous_paper_blackmark_detection",
            "continuous_paper_no_detection",
            "wristband_blackmark_detection"
        ]
    },
    {
        "name":"formGap",
        "type": "num",
        "capabilitytype":"range",
        "current": "0",
        "max":6.0,
        "min": {
            "diecut_label_gap_detection": 2.0,
            "diecut_label_blackmark_detection": 2.0,
            "continuous_label_blackmark_detection": 0.0,
            "continuous_label_no_detection": 0.0,
            "continuous_paper_blackmark_detection": 0.0,
            "continuous_paper_no_detection": 0.0,
            "wristband_blackmark_detection": 0.0
        },
        "step":0.1 
    },
    {
        "name":"cutPosition",
        "type": "num",
        "capabilitytype":"range",
        "current": "0",
        "max":10.8,
        "min":-10.8,
        "step":0.1 
    },
    {
        "name":"printPositionH",
        "type": "num",
        "capabilitytype":"range",
        "current": "0",
        "max":1.5,
        "min":-1.5,
        "step":0.1 
    },
    {
        "name":"printPositionV",
        "type": "num",
        "capabilitytype":"range",
        "current": "0",
        "max":10.9,
        "min":-10.9,
        "step":0.1 
    }
]